{
    "camera_parameters": {
        "1": {
            "camera_matrix": [
                [
                    747.3816189958308,
                    0.0,
                    302.07402338482206
                ],
                [
                    0.0,
                    749.1906049664226,
                    248.52137751625918
                ],
                [
                    0.0,
                    0.0,
                    1.0
                ]
            ],
            "dist_coeffs": [
                0.08602293240080199,
                -0.3241267496210767,
                -0.0020312885088734902,
                -0.0021429297037019305,
                1.0594626840047614
            ]
        },
        "2": {
            "camera_matrix": [
                [
                    699.6635368166673,
                    0.0,
                    336.31543452932624
                ],
                [
                    0.0,
                    700.1477157886707,
                    244.9217553213563
                ],
                [
                    0.0,
                    0.0,
                    1.0
                ]
            ],
            "dist_coeffs": [
                0.029766997156036465,
                0.41398562641430825,
                0.0005835702364978859,
                0.00238363936482742,
                -0.7850774501662671
            ]
        },
        "3": {
            "camera_matrix": [
                [
                    931.9559128416738,
                    0.0,
                    339.3070399664983
                ],
                [
                    0.0,
                    933.6079656207121,
                    221.73092008324522
                ],
                [
                    0.0,
                    0.0,
                    1.0
                ]
            ],
            "dist_coeffs": [
                0.09902824105534463,
                -0.7061889443181203,
                -0.0005886543545207508,
                0.00041507243534228756,
                4.593301344615424
            ]
        },
        "4": {
            "camera_matrix": [
                [
                    744.17288828739,
                    0.0,
                    306.6507558551045
                ],
                [
                    0.0,
                    745.8429667870307,
                    233.04745613839947
                ],
                [
                    0.0,
                    0.0,
                    1.0
                ]
            ],
            "dist_coeffs": [
                0.07810932991184948,
                0.37267764897316463,
                -0.0005703729536387166,
                0.0010011019627113123,
                -2.9788042041906277
            ]
        },
        "5": {
            "camera_matrix": [
                [
                    932.614117188121,
                    0.0,
                    340.37270334894777
                ],
                [
                    0.0,
                    931.7875759029527,
                    231.04333984029012
                ],
                [
                    0.0,
                    0.0,
                    1.0
                ]
            ],
            "dist_coeffs": [
                0.0024683873503051615,
                1.7978214278048537,
                0.003739965097847981,
                0.0038573665195144767,
                -13.248325724766545
            ]
        },
        "6": {
            "camera_matrix": [
                [
                    940.2195924824074,
                    0.0,
                    334.7925422390214
                ],
                [
                    0.0,
                    941.1731920754529,
                    239.11913829190254
                ],
                [
                    0.0,
                    0.0,
                    1.0
                ]
            ],
            "dist_coeffs": [
                0.012169348970052384,
                1.5965096680846986,
                0.0009253469861824656,
                0.0020876199844544136,
                -10.189945028866635
            ]
        },
        "7": {
            "camera_matrix": [
                [
                    939.2493765680111,
                    0.0,
                    334.31045651321534
                ],
                [
                    0.0,
                    940.3165862136108,
                    220.61259865115858
                ],
                [
                    0.0,
                    0.0,
                    1.0
                ]
            ],
            "dist_coeffs": [
                0.019793616304968682,
                1.109684174386986,
                0.0019000001372435921,
                -0.002460904224399034,
                -5.014002917001505
            ]
        },
        "8": {
            "camera_matrix": [
                [
                    669.8386033666073,
                    0.0,
                    330.7518226841486
                ],
                [
                    0.0,
                    671.5149585119713,
                    267.05750748929887
                ],
                [
                    0.0,
                    0.0,
                    1.0
                ]
            ],
            "dist_coeffs": [
                0.009723884827196785,
                0.41916772796766966,
                0.002251442890924183,
                0.00038834908878436215,
                -0.695985398871479
            ]
        },
        "9": {
            "camera_matrix": [
                [
                    920.5609984684003,
                    0.0,
                    283.7461597094633
                ],
                [
                    0.0,
                    930.1741604670254,
                    293.00754095651223
                ],
                [
                    0.0,
                    0.0,
                    1.0
                ]
            ],
            "dist_coeffs": [
                -0.3519326178837505,
                9.38361827437195,
                0.018017534708176915,
                -0.0273100031955945,
                -30.085540932234043
            ]
        },
        "10": {
            "camera_matrix": [
                [
                    477.8661031719078,
                    0.0,
                    353.00271340534795
                ],
                [
                    0.0,
                    474.45052491614564,
                    237.66166384173528
                ],
                [
                    0.0,
                    0.0,
                    1.0
                ]
            ],
            "dist_coeffs": [
                0.24991523173318994,
                -0.7749806019253471,
                3.781586674655117e-05,
                0.034181725594749454,
                0.7967603300884082
            ]
        },
        "11": {
            "camera_matrix": [
                [
                    578.7270573562306,
                    0.0,
                    307.90960421151414
                ],
                [
                    0.0,
                    578.0651717456846,
                    239.76509000790176
                ],
                [
                    0.0,
                    0.0,
                    1.0
                ]
            ],
            "dist_coeffs": [
                0.16069517020203888,
                -0.6880059546189472,
                0.0006719407572927149,
                -0.0006845084120255644,
                0.932142997943163
            ]
        }
    }
}