{
  "cubes": [
    {
      "x": 0.10666585315469052,
      "y": -0.03383910005280438,
      "z": 0.023131924184217056
    }
  ],
  "timestamp": "2026-06-29T17:36:46.619021"
}