{
  "cubes": [
    {
      "x": 0.08084370206473304,
      "y": 0.044839645620836366,
      "z": 0.004784511727967844
    },
    {
      "x": 0.10412288104833245,
      "y": 0.008659329102831292,
      "z": 0.12480503628783296
    }
  ],
  "timestamp": "2026-06-30T15:52:44.567054"
}