{
  "cubes": [
    {
      "x": 0.02189414112992416,
      "y": -0.04653138198345397,
      "z": -0.07756061663999703
    }
  ],
  "timestamp": "2026-06-25T19:09:12.194043"
}