{
  "cubes": [
    {
      "x": -0.19635601043460874,
      "y": 0.09832437288690803,
      "z": 0.08593201576080639
    }
  ],
  "timestamp": "2026-06-25T18:34:05.541675"
}