{
  "cubes": [
    {
      "x": -0.07158101905775177,
      "y": -0.09014887126225979,
      "z": -0.060683921657056494
    }
  ],
  "timestamp": "2026-06-26T14:45:56.062826"
}