{
    "rotation_camera_to_world": [
        [
            0.9641551539413858,
            0.05661354751837015,
            -0.2592291367991792
        ],
        [
            0.03822412758550654,
            -0.9964173029207518,
            -0.07544186179079578
        ],
        [
            -0.26257142875528033,
            0.0628288522696369,
            -0.9628648815508284
        ]
    ],
    "camera_position_world": [
        0.06638269812967071,
        0.08525374735217599,
        0.5364409745333357
    ]
}